GROUP,PACKAGE,CLASS,INSTRUCTION_MISSED,INSTRUCTION_COVERED,BRANCH_MISSED,BRANCH_COVERED,LINE_MISSED,LINE_COVERED,COMPLEXITY_MISSED,COMPLEXITY_COVERED,METHOD_MISSED,METHOD_COVERED
quarkus-reservation-service,com.app.infraestructure.controller,ClientController,106,4,0,0,14,1,14,1,14,1
quarkus-reservation-service,com.app.infraestructure.controller,ScheduleController,25,4,0,0,3,1,3,1,3,1
quarkus-reservation-service,com.app.infraestructure.controller,BookingController,64,4,0,0,10,1,9,1,9,1
quarkus-reservation-service,com.app.infraestructure.controller,ProfessionalController,106,4,0,0,14,1,14,1,14,1
quarkus-reservation-service,com.app.infraestructure.enums,StatusBooking,3,24,0,0,1,4,1,1,1,1
quarkus-reservation-service,com.app.infraestructure.exception,BusinessException,37,0,0,0,10,0,2,0,2,0
quarkus-reservation-service,com.app.infraestructure.exception,ConstraintViolationMapper,30,0,0,0,15,0,3,0,3,0
quarkus-reservation-service,com.app.infraestructure.exception,BusinessErrorType,30,0,0,0,4,0,1,0,1,0
quarkus-reservation-service,com.app.infraestructure.exception,GenericExceptionMapper,26,0,0,0,8,0,3,0,3,0
quarkus-reservation-service,com.app.infraestructure.exception,BusinessExceptionMapper,30,0,0,0,11,0,3,0,3,0
quarkus-reservation-service,com.app.infraestructure.mapper,ModelMapperConfig,16,0,0,0,6,0,2,0,2,0
quarkus-reservation-service,com.app.infraestructure.persistence,JpaScheduleRepositoryAdapter,67,0,0,0,13,0,5,0,5,0
quarkus-reservation-service,com.app.infraestructure.persistence,JpaClientRepositoryAdapter,135,0,8,0,23,0,17,0,13,0
quarkus-reservation-service,com.app.infraestructure.persistence,JpaBookingRepositoryAdapter,105,0,2,0,20,0,8,0,7,0
quarkus-reservation-service,com.app.infraestructure.persistence,JpaProfessionalRepositoryAdapter,91,0,4,0,15,0,11,0,9,0
quarkus-reservation-service,com.app.application.service,ProfessionalService,61,0,6,0,14,0,9,0,6,0
quarkus-reservation-service,com.app.application.service,ClientService,93,0,8,0,20,0,10,0,6,0
quarkus-reservation-service,com.app.application.service,ScheduleService,109,0,14,0,15,0,13,0,6,0
quarkus-reservation-service,com.app.application.service,BookingService,322,0,26,0,54,0,29,0,16,0
quarkus-reservation-service,com.app.application.finder,ProfessionalFinderService,13,0,0,0,2,0,1,0,1,0
quarkus-reservation-service,com.app.application.finder,ScheduleFinderService,64,0,16,0,11,0,11,0,3,0
quarkus-reservation-service,com.app.application.finder,ClientFinderService,13,0,0,0,2,0,1,0,1,0
quarkus-reservation-service,com.app.infraestructure.util,Result,22,0,2,0,4,0,2,0,1,0
quarkus-reservation-service,com.app.infraestructure.controller.request,ProfessionalRequest,15,0,0,0,1,0,1,0,1,0
quarkus-reservation-service,com.app.infraestructure.controller.request,ScheduleRequest,21,0,0,0,2,0,2,0,2,0
quarkus-reservation-service,com.app.infraestructure.controller.request,ClientRequest,18,0,0,0,1,0,1,0,1,0
quarkus-reservation-service,com.app.infraestructure.controller.request,BookingRequest,24,0,0,0,2,0,2,0,2,0
quarkus-reservation-service,com.app.infraestructure.persistence.mapper,BookingMapper,34,0,0,0,9,0,2,0,2,0
